comparison,who,criterion,n_items,raw_agreement,cohen_kappa,quadratic_weighted_kappa,pabak,mean_abs_diff,severity_gap,bias_index,share_top_first,share_top_second,mean_first,mean_second,interpretation_nominal
judge_vs_human,pooled,phenomenon_id,104,0.41346153846153844,-0.03524804177545686,-0.03524804177545682,0.12019230769230771,0.5865384615384616,0.47115384615384615,0.47115384615384615,0.8846153846153846,0.41346153846153844,1.8846153846153846,1.4134615384615385,worse than chance
judge_vs_human,pooled,soundness,104,0.8942307692307693,0.6221928665785998,0.7988165680473374,0.841346153846154,0.125,0.028846153846153848,0.04807692307692313,0.8653846153846154,0.8173076923076923,1.75,1.7211538461538463,substantial
judge_vs_human,pooled,consistency,104,0.9903846153846154,0.9359605911330052,0.9359605911330049,0.9807692307692308,0.009615384615384616,-0.009615384615384616,0.009615384615384692,0.9134615384615384,0.9230769230769231,0.9134615384615384,0.9230769230769231,almost perfect
judge_vs_human,penny_kyriazi,phenomenon_id,104,0.41346153846153844,-0.03524804177545686,-0.03524804177545682,0.12019230769230771,0.5865384615384616,0.47115384615384615,0.47115384615384615,0.8846153846153846,0.41346153846153844,1.8846153846153846,1.4134615384615385,worse than chance
judge_vs_human,penny_kyriazi,soundness,104,0.8942307692307693,0.6221928665785998,0.7988165680473374,0.841346153846154,0.125,0.028846153846153848,0.04807692307692313,0.8653846153846154,0.8173076923076923,1.75,1.7211538461538463,substantial
judge_vs_human,penny_kyriazi,consistency,104,0.9903846153846154,0.9359605911330052,0.9359605911330049,0.9807692307692308,0.009615384615384616,-0.009615384615384616,0.009615384615384692,0.9134615384615384,0.9230769230769231,0.9134615384615384,0.9230769230769231,almost perfect
human_vs_human,dionisis_p|penny_kyriazi,phenomenon_id,200,0.865,0.4095779575770829,0.45848375451263546,0.7974999999999999,0.145,0.025,0.05500000000000005,0.9,0.845,1.87,1.845,fair
human_vs_human,dionisis_p|penny_kyriazi,soundness,200,0.905,0.6429242623566995,0.7807724547037205,0.8574999999999999,0.12,0.03,0.010000000000000009,0.845,0.855,1.765,1.735,substantial
human_vs_human,dionisis_p|penny_kyriazi,consistency,200,0.955,0.8386518465399786,0.8386518465399785,0.9099999999999999,0.045,0.005,0.0050000000000000044,0.835,0.83,0.835,0.83,almost perfect
